"Tabla Origen","Columna Local","Tabla Destino","Columna Destino"
ant_anticipo_adjuntos,ant_anticipos_id,ant_anticipos,id
ant_anticipo_gestiones,ant_anticipos_id,ant_anticipos,id
ant_anticipo_items,ant_anticipos_id,ant_anticipos,id
ant_anticipo_valores,ant_anticipos_id,ant_anticipos,id
ant_anticipo_valores,ant_anticipo_items_id,ant_anticipo_items,id
ant_anticipo_valores,au_cotizaciones_id,au_cotizaciones,id
ant_anticipos,aseg_afiliados_id,aseg_afiliados,id
ant_anticipos,cnt_prestadores_id,cnt_prestadores,id
ant_anticipos,cnt_prestador_sedes_id,cnt_prestador_sedes,id
ant_anticipos,gn_empresas_id,gn_empresas,id
ant_anticipos,gn_usuarios_id,gn_usuarios,id
ant_ws_transaccion_sucesos,ant_anticipos_id,ant_anticipos,id
ant_ws_transaccion_sucesos,ws_ant_transaccion_detalle_id,ws_ant_transaccion_detalles,id
aseg_adjuntos,radicado_novedades_id,aseg_radicado_novedades,id
aseg_afiliado_certificados,aseg_afiliados_id,aseg_afiliados,id
aseg_afiliado_contactos,aseg_afiliados_id,aseg_afiliados,id
aseg_afiliado_coordenadas,id_afiliado,aseg_afiliados,id
aseg_afiliado_documentos,aseg_afiliados_id,aseg_afiliados,id
aseg_afiliado_historicos,aseg_afiliados_id,aseg_afiliados,id
aseg_afiliados,aseg_grupos_familiares_id,aseg_grupos_familiares,id
aseg_afiliados,primaria_cnt_prestador_sedes_id,cnt_prestador_sedes,id
aseg_afiliados,portabilidad_cnt_prestador_sedes_id,cnt_prestador_sedes,id
aseg_afiliados,odontologia_cnt_prestador_sedes_id,cnt_prestador_sedes,id
aseg_afiliados,gn_divisiones_id,gn_divisiones,id
aseg_afiliados,nacionalidad_ubicaciones_id,gn_ubicaciones,id
aseg_afiliados,gn_ubicacion_actual_afiliado,gn_ubicaciones,id
aseg_afiliados,gn_ubicacion_barrios_id,gn_ubicacion_barrios,id
aseg_afiliados,nacimiento_ubicaciones_id,gn_ubicaciones,id
aseg_afiliados,afiliacion_ubicaciones_id,gn_ubicaciones,id
aseg_afiliados,residencia_ubicacion_id,gn_ubicaciones,id
aseg_afiliados,gn_ubicaciones_lugar_nacimiento_id,gn_ubicaciones,id
aseg_anexo1_adjuntos,aseg_anexos1_id,aseg_anexos1,id
aseg_anexos1,aseg_afiliados_id,aseg_afiliados,id
aseg_anexos1,gn_empresas_id,gn_empresas,id
aseg_anexos1,residencia_ubicacion_id_nuevo,gn_ubicaciones,id
aseg_detalle_cargas,aseg_cargas_id,aseg_cargas,id
aseg_grupos_familiares,aseg_afiliados_id,aseg_afiliados,id
aseg_portabilidades,cnt_prestador_sedes_id,cnt_prestador_sedes,id
aseg_portabilidades,aseg_afiliados_id,aseg_afiliados,id
aseg_portabilidades,ubicaciones_id,gn_ubicaciones,id
aseg_radicado_novedades,aseg_afiliados_id,aseg_afiliados,id
aseg_registro_novedades,radicado_novedades_id,aseg_radicado_novedades,id
aseg_registro_novedades,aseg_ma_novedades_id,aseg_ma_novedades,id
aseg_registro_novedades,aseg_reporte_novedades_id,aseg_reporte_novedades,id
aseg_reporte_novedades,aseg_afiliados_id,aseg_afiliados,id
aseg_tabulacion_encuestas,aseg_afiliados_id,aseg_afiliados,id
aseg_tabulacion_encuestas,aseg_encuesta_preguntas_id,aseg_encuesta_preguntas,id
aseg_traslados,aseg_afiliados_id,aseg_afiliados,id
au_anexo2_adjuntos,au_anexos2_id,au_anexos2,id
au_anexo2_diagnosticos,au_anexos2_id,au_anexos2,id
au_anexo2_items,au_anexos2_id,au_anexos2,id
au_anexo2_rescate_gestiones,au_anexo2_rescates_id,au_anexo2_rescates,id
au_anexo2_rescate_sedes,cnt_prestador_sede_origen_id,cnt_prestador_sedes,id
au_anexo2_rescate_sedes,cnt_prestador_sede_capita_id,cnt_prestador_sedes,id
au_anexo2_rescates,aseg_afiliados_id,aseg_afiliados,id
au_anexo2_rescates,cnt_prestadores_origen_id,cnt_prestadores,id
au_anexo2_rescates,cnt_prestadores_destino_id,cnt_prestadores,id
au_anexo2_rescates,cnt_prestador_sedes_origen_id,cnt_prestador_sedes,id
au_anexo2_rescates,cnt_prestador_sedes_destino_id,cnt_prestador_sedes,id
au_anexo2_rescates,auc_hospitalizaciones_id,auc_hospitalizaciones,id
au_anexo2_rescates,au_anexos3_id,au_anexos3,id
au_anexo2_rescates,pe_programas_id,pe_programas,id
au_anexo2_rescates,au_anexos2_id,au_anexos2,id
au_anexo2_rescates,gn_empresas_id,gn_empresas,id
au_anexo3_adjuntos,au_anexos3_id,au_anexos3,id
au_anexo3_afiliados,au_anexo3_id,au_anexos3,id
au_anexo3_carga_anulada_sucesos,au_anexos3_id,au_anexos3,id
au_anexo3_carga_anulada_sucesos,au_anexo3_carga_anuladas_id,au_anexo3_carga_anuladas,id
au_anexo3_carga_anuladas,gn_empresas_id,gn_empresas,id
au_anexo3_carga_detalles,au_anexo3_cargas_id,au_anexo3_cargas,id
au_anexo3_carga_sucesos,au_anexo3_cargas_id,au_anexo3_cargas,id
au_anexo3_carga_sucesos,au_anexo3_carga_detalles_id,au_anexo3_carga_detalles,id
au_anexo3_cargas,cnt_prestador_sedes_id,cnt_prestador_sedes,id
au_anexo3_cargas,gn_empresas_id,gn_empresas,id
au_anexo3_diagnosticos,au_anexos3_id,au_anexos3,id
au_anexo3_historicos,au_anexo3_items_id,au_anexo3_items,id
au_anexo3_historicos,au_anexos3_id,au_anexos3,id
au_anexo3_items,au_anexos3_id,au_anexos3,id
au_anexo3_items,au_grupos_id,au_grupos,id
au_anexo3_items,gn_usuarios_id,gn_usuarios,id
au_anexo3_tutelas,au_anexos3_id,au_anexos3,id
au_anexo4_carga_anulada_sucesos,au_anexos4_id,au_anexos4,id
au_anexo4_carga_anulada_sucesos,au_anexo4_carga_anuladas_id,au_anexo4_carga_anuladas,id
au_anexo4_carga_anuladas,gn_empresas_id,gn_empresas,id
au_anexo4_destinos,au_anexo3_zonas_id,au_anexo4_zonas,id
au_anexo4_entregas,au_anexo4_items_id,au_anexo4_items,id
au_anexo4_entregas,au_anexos4_id,au_anexos4,id
au_anexo4_estados,au_anexos4_id,au_anexos4,id
au_anexo4_historicos,au_anexos4_id,au_anexos4,id
au_anexo4_impresiones,au_anexos4_id,au_anexos4,id
au_anexo4_items,au_anexo2_items_id,au_anexo2_items,id
au_anexo4_items,au_anexo3_items_id,au_anexo3_items,id
au_anexo4_items,au_anexos4_id,au_anexos4,id
au_anexo4_items,au_cotizaciones_id,au_cotizaciones,id
au_anexo4_items,cnt_contrato_detalles_id,cnt_contrato_detalles,id
au_anexos2,aseg_afiliados_id,aseg_afiliados,id
au_anexos2,cnt_prestador_sedes_id,cnt_prestador_sedes,id
au_anexos2,cnt_profesionales_id,cnt_profesionales,id
au_anexos2,gn_empresas_id,gn_empresas,id
au_anexos3,au_anexo3_carga_anuladas_id,au_anexo3_carga_anuladas,id
au_anexos3,aseg_afiliados_id,aseg_afiliados,id
au_anexos3,au_anexo3_cargas_id,au_anexo3_cargas,id
au_anexos3,cnt_prestador_sedes_id,cnt_prestador_sedes,id
au_anexos3,cnt_profesionales_id,cnt_profesionales,id
au_anexos3,gn_empresas_id,gn_empresas,id
au_anexos3,pe_programas_id,pe_programas,id
au_anexos4,au_anexo4_carga_anuladas_id,au_anexo4_carga_anuladas,id
au_anexos4,aseg_afiliados_id,aseg_afiliados,id
au_anexos4,au_anexos2_id,au_anexos2,id
au_anexos4,au_anexos3_id,au_anexos3,id
au_anexos4,cnt_contratos_id,cnt_contratos,id
au_anexos4,cnt_prestador_sedes_id,cnt_prestador_sedes,id
au_anexos4,gn_empresas_id,gn_empresas,id
au_anexos4,ref_anexos9_id,ref_anexos9,id
au_carga_detalles_anexos3,au_anexo3_cargas_id,au_anexo3_cargas,id
au_carga_detalles_anexos3,au_anexo3_carga_detalles_id,au_anexo3_carga_detalles,id
au_carga_detalles_anexos3,au_anexos3_id,au_anexos3,id
au_cotizacion_adjuntos,au_cotizaciones_id,au_cotizaciones,id
au_cotizacion_carga_anulada_sucesos,au_anexo3_items_id,au_anexo3_items,id
au_cotizacion_carga_anulada_sucesos,au_cotizacion_carga_anuladas_id,au_cotizacion_carga_anuladas,id
au_cotizacion_carga_anuladas,gn_empresas_id,gn_empresas,id
au_cotizacion_items,au_anexo3_items_id,au_anexo3_items,id
au_cotizacion_items,au_cotizaciones_id,au_cotizaciones,id
au_cotizaciones,aseg_afiliados_id,aseg_afiliados,id
au_cotizaciones,au_anexos3_id,au_anexos3,id
au_cotizaciones,cnt_prestador_sedes_id,cnt_prestador_sedes,id
au_cotizaciones,mp_prescripcion_id,mp_prescripciones,id
au_entrega_carga_detalles,au_anexo4_entregas_id,au_anexo4_entregas,id
au_entrega_carga_detalles,au_entrega_cargas_id,au_entrega_cargas,id
au_grupo_diagnosticos,au_grupos_id,au_grupos,id
au_grupo_historicos,au_grupos_id,au_grupos,id
au_grupo_programas,au_grupos_id,au_grupos,id
au_grupo_programas,pe_programas_id,pe_programas,id
au_grupo_regiones,au_grupos_id,au_grupos,id
au_grupo_sedes,au_grupos_id,au_grupos,id
au_grupo_sedes,cnt_prestadores_id,cnt_prestadores,id
au_grupo_sedes,cnt_prestador_sedes_id,cnt_prestador_sedes,id
au_grupo_tecnologias,au_grupos_id,au_grupos,id
au_grupo_usuarios,au_grupos_id,au_grupos,id
au_grupo_usuarios,gn_usuarios_id,gn_usuarios,id
au_item_bitacoras,au_anexo3_items_id,au_anexo3_items,id
au_no_solicitud_carga_detalles,au_no_solicitud_id,au_no_solicitudes,id
au_no_solicitud_carga_detalles,au_no_solicitud_cargas_id,au_no_solicitud_cargas,id
au_no_solicitud_carga_sucesos,au_no_solicitud_cargas_id,au_no_solicitud_cargas,id
au_no_solicitud_carga_sucesos,au_no_solicitud_carga_detalles_id,au_no_solicitud_carga_detalles,id
au_no_solicitud_cargas,cnt_prestador_sedes_id,cnt_prestador_sedes,id
au_no_solicitud_cargas,gn_empresas_id,gn_empresas,id
au_no_solicitud_diagnosticos,au_no_solicitudes_id,au_no_solicitudes,id
au_no_solicitud_entrega_carga_sucesos,au_no_solicitud_entregas_id,au_no_solicitud_entregas,id
au_no_solicitud_entrega_carga_sucesos,au_no_solicitud_entrega_cargas_id,au_no_solicitud_entrega_cargas,id
au_no_solicitud_entrega_cargas,gn_empresas_id,gn_empresas,id
au_no_solicitud_entrega_detalles,au_no_solicitud_items_id,au_no_solicitud_items,id
au_no_solicitud_entregas,au_no_solicitudes_id,au_no_solicitudes,id
au_no_solicitud_entregas,au_no_solicitud_items_id,au_no_solicitud_items,id
au_no_solicitud_entregas,au_no_solicitud_entrega_detalles_id,au_no_solicitud_entrega_detalles,id
au_no_solicitud_historicos,au_no_solicitudes_id,au_no_solicitudes,id
au_no_solicitud_items,au_no_solicitudes_id,au_no_solicitudes,id
au_no_solicitudes,aseg_afiliados_id,aseg_afiliados,id
au_no_solicitudes,cnt_prestador_id,cnt_prestadores,id
au_no_solicitudes,cnt_profesionales_id,cnt_profesionales,id
au_no_solicitudes,gn_empresas_id,gn_empresas,id
au_rechazo_items,au_anexo3_items_id,au_anexo3_items,id
au_rechazo_items,au_rechazos_id,au_rechazos,id
au_rechazos,aseg_afiliados_id,aseg_afiliados,id
au_rechazos,au_anexos3_id,au_anexos3,id
au_rechazos,gn_empresas_id,gn_empresas,id
au_seguimiento_afiliado_contactos,au_seguimiento_afiliado_id,au_seguimiento_afiliados,id
au_seguimiento_afiliados,aseg_afiliados_id,aseg_afiliados,id
au_seguimiento_afiliados,gn_residencia_ubicacion_id,gn_ubicaciones,id
au_seguimiento_gestiones,au_seguimientos_id,au_seguimientos,id
au_seguimiento_prestador_asignados,au_seguimientos_id,au_seguimientos,id
au_seguimiento_prestador_asignados,cnt_prestador_sedes_id,cnt_prestador_sedes,id
au_seguimiento_servicios,au_seguimiento_id,au_seguimientos,id
au_seguimientos,au_anexo3_items_id,au_anexo3_items,id
au_seguimientos,au_anexos3_id,au_anexos3,id
au_seguimientos,au_anexos4_id,au_anexos4,id
au_seguimientos,au_grupos_id,au_grupos,id
au_seguimientos,au_seguimiento_afiliados_id,au_seguimiento_afiliados,id
au_seguimientos,cnt_prestador_sede_asignado_id,cnt_prestador_sedes,id
au_seguimientos,gn_acompanante_residencia_ubicacion_id,gn_ubicaciones,id
au_seguimientos,gn_empresas_id,gn_empresas,id
au_solicitud_adjuntos,au_seguimientos_id,au_seguimientos,id
au_solicitud_adjuntos,au_seguimiento_afiliado_id,au_seguimiento_afiliados,id
au_solicitud_adjuntos,au_anexo2_rescates_id,au_anexo2_rescates,id
au_solicitud_adjuntos,au_anexos2_id,au_anexos2,id
au_solicitud_adjuntos,au_anexos3_id,au_anexos3,id
au_solicitud_adjuntos,au_anexos4_entregas_id,au_anexo4_entregas,id
au_solicitud_adjuntos,au_cotizaciones_id,au_cotizaciones,id
au_solicitud_adjuntos,au_no_solicitudes_id,au_no_solicitudes,id
au_solicitud_adjuntos,au_no_solicitud_entregas_id,au_no_solicitud_entregas,id
au_solicitud_adjuntos,au_seguimiento_gestiones_id,au_seguimiento_gestiones,id
au_tope_afiliados,ase_afiliados_id,aseg_afiliados,id
auc_afiliado_contactos,auc_afiliados_id,auc_afiliados,id
auc_afiliados,aseg_afiliados_id,aseg_afiliados,id
auc_auditor_historicos,auc_auditores_id,auc_auditores,id
auc_auditores,cnt_prestadores_id,cnt_prestadores,id
auc_auditores,cnt_prestador_sedes_id,cnt_prestador_sedes,id
auc_auditores,gn_usuarios_id,gn_usuarios,id
auc_carga_cierre_sucesos,auc_carga_cierres_id,auc_carga_cierres,id
auc_carga_cierres,cnt_prestador_sedes_id,cnt_prestador_sedes,id
auc_carga_cierres,gn_empresas_id,gn_empresas,id
auc_carga_fallos,auc_cargas_id,auc_cargas,id
auc_cargas,cnt_prestadores_id,cnt_prestadores,id
auc_cargas,cnt_prestador_sedes_id,cnt_prestador_sedes,id
auc_cargas,gn_empresas_id,gn_empresas,id
auc_diagnosticos,auc_egresos_id,auc_egresos,id
auc_diagnosticos,auc_hospitalizacion_id,auc_hospitalizaciones,id
auc_diagnosticos,auc_ingresos_id,auc_ingresos,id
auc_hospitalizacion_adversos,auc_hospitalizaciones_id,auc_hospitalizaciones,id
auc_hospitalizacion_estados,auc_hospitalizaciones_id,auc_hospitalizaciones,id
auc_hospitalizacion_estancias,auc_hospitalizaciones_id,auc_hospitalizaciones,id
auc_hospitalizacion_historicos,auc_hospitalizaciones_id,auc_hospitalizaciones,id
auc_hospitalizacion_inoportunidades,auc_hospitalizaciones_id,auc_hospitalizaciones,id
auc_hospitalizacion_objeciones,auc_hospitalizaciones_id,auc_hospitalizaciones,id
auc_hospitalizacion_patologias,auc_hospitalizaciones_id,auc_hospitalizaciones,id
auc_hospitalizacion_seguimientos,auc_hospitalizaciones_id,auc_hospitalizaciones,id
auc_hospitalizacion_servicios,auc_hospitalizaciones_id,auc_hospitalizaciones,id
auc_hospitalizacion_servicios,cnt_contratos_id,cnt_contratos,id
auc_hospitalizacion_servicios,cnt_contrato_sedes_id,cnt_contrato_sedes,id
auc_hospitalizaciones,auc_egresos_id,auc_egresos,id
auc_hospitalizaciones,auc_ingresos_id,auc_ingresos,id
auc_hospitalizaciones,cnt_prestadores_id,cnt_prestadores,id
auc_hospitalizaciones,cnt_prestador_sedes_id,cnt_prestador_sedes,id
auc_hospitalizaciones,gn_empresas_id,gn_empresas,id
auc_hospitalizaciones,gn_usuarios_auditor_id,gn_usuarios,id
auc_hospitalizaciones,auc_afiliados_id,auc_afiliados,id
auc_justificacion_estancias_prolongadas,auc_hospitalizaciones_id,auc_hospitalizaciones,id
aus_adjuntos,aus_casos_id,aus_casos,id
aus_adjuntos,aus_seguimientos_id,aus_seguimientos,id
aus_adjuntos,aus_servicios_id,aus_caso_servicios,id
aus_adjuntos,aus_solicitudes_id,aus_solicitudes,id
aus_carga_errores,aus_carga_masivas_id,aus_carga_masivas,id
aus_carga_masivas,gn_empresa_id,gn_empresas,id
aus_caso_servicio_costos,aus_caso_servicios_id,aus_caso_servicios,id
aus_caso_servicio_costos,au_anexos4_items_id,au_anexo4_items,id
aus_caso_servicios,cnt_prestador_sede_prescriptora_id,cnt_prestador_sedes,id
aus_caso_servicios,cnt_prestador_sede_destino_id,cnt_prestador_sedes,id
aus_caso_servicios,pe_programas_id,pe_programas,id
aus_caso_servicios,aus_casos_id,aus_casos,id
aus_caso_servicios,gn_usuarios_asignado_id,gn_usuarios,id
aus_caso_servicios,ma_diagnosticos_id,ma_diagnosticos,id
aus_casos,aus_carga_masivas_id,aus_carga_masivas,id
aus_casos,aus_personas_id,aus_personas,id
aus_casos,aus_accionante_personas_id,aus_personas,id
aus_casos,gn_empresas_id,gn_empresas,id
aus_casos,gn_sedes_id,gn_sedes,id
aus_casos,gn_ubicaciones_id,gn_ubicaciones,id
aus_casos,gn_usuarios_responsable_id,gn_usuarios,id
aus_casos,gn_usuario_cierre_id,gn_usuarios,id
aus_grupo_usuarios,aus_grupos_id,aus_grupos,id
aus_grupo_usuarios,gn_usuarios_id,gn_usuarios,id
aus_persona_telefonos,aus_personas_id,aus_personas,id
aus_personas,aseg_municipio_afiliacion,gn_ubicaciones,id
aus_personas,aseg_afiliados_id,aseg_afiliados,id
aus_personas,gn_ubicaciones_id,gn_ubicaciones,id
aus_seguimientos,aus_casos_id,aus_casos,id
aus_servicio_gestiones,aus_servicios_id,aus_caso_servicios,id
aus_solicitudes,aus_casos_id,aus_casos,id
car_carga_registros,car_cargas_id,car_cargas,id
car_cargas,car_periodos_id,car_periodos,id
car_cargas,car_procesos_id,car_procesos,id
car_cargas,cnt_prestadores_id,cnt_prestadores,id
car_cargas,gn_empresas_id,gn_empresas,id
car_periodos,car_procesos_id,car_procesos,id
car_proceso_prestadores,car_procesos_id,car_procesos,id
car_proceso_prestadores,cnt_prestadores_id,cnt_prestadores,id
car_proceso_usuarios,car_procesos_id,car_procesos,id
car_proceso_usuarios,gn_usuarios_id,gn_usuarios,id
cm_auditoria_adjuntos,cm_facturas_id,cm_facturas,id
cm_auditoria_adjuntos,cm_detalles_id,cm_detalles,id
cm_auditoria_autorizaciones,au_anexos4_id,au_anexos4,id
cm_auditoria_autorizaciones,cm_detalles_id,cm_detalles,id
cm_auditoria_autorizaciones,cm_facturas_id,cm_facturas,id
cm_auditoria_capita_descuentos,cm_detalles_id,cm_detalles,id
cm_auditoria_capita_descuentos,cnt_contratos_id,cnt_contratos,id
cm_auditoria_cierres,cm_auditoria_masiva_id,cm_auditoria_masiva,id
cm_auditoria_cierres,cm_facturas_id,cm_facturas,id
cm_auditoria_conceptos_contables,cm_detalles_id,cm_detalles,id
cm_auditoria_devoluciones,cm_devolucion_masiva_id,cm_devolucion_masiva,id
cm_auditoria_devoluciones,cm_facturas_id,cm_facturas,id
cm_auditoria_diagnosticos,cm_detalles_id,cm_detalles,id
cm_auditoria_masiva,cnt_prestadores_id,cnt_prestadores,id
cm_auditoria_motivos_glosas,cm_detalles_id,cm_detalles,id
cm_conciliaciones,cnt_prestadores_id,cnt_prestadores,id
cm_detalles,aseg_afiliados_id,aseg_afiliados,id
cm_detalles,cm_facturas_id,cm_facturas,id
cm_devolucion_masiva,cnt_prestadores_id,cnt_prestadores,id
cm_factura_estados,cm_facturas_id,cm_facturas,id
cm_factura_transacciones,cm_facturas_id,cm_facturas,id
cm_facturas,cm_fe_rips_cargas_id,cm_fe_rips_cargas,id
cm_facturas,cm_grupos_id,cm_grupos,id
cm_facturas,cm_rips_cargas_id,cm_rips_cargas,id
cm_facturas,cnt_prestadores_id,cnt_prestadores,id
cm_facturas,gn_empresas_id,gn_empresas,id
cm_facturas,gn_usuarios_lider_id,gn_usuarios,id
cm_facturas,gn_usuarios_medico_id,gn_usuarios,id
cm_facturas,gn_usuarios_tecnico_id,gn_usuarios,id
cm_facturas,gn_usuarios_gestiona_id,gn_usuarios,id
cm_fe_notas,cm_fe_rips_facturas_id,cm_fe_rips_facturas,id
cm_fe_notas,cm_facturas_id,cm_facturas,id
cm_fe_rips_carga_adjuntos,cm_fe_rips_cargas_id,cm_fe_rips_cargas,id
cm_fe_rips_carga_contenidos,cm_fe_rips_cargas_id,cm_fe_rips_cargas,id
cm_fe_rips_cargas,carga_periodo_id,cm_fe_rips_cargas,id
cm_fe_rips_cargas,cnt_contratos_id,cnt_contratos,id
cm_fe_rips_cargas,cnt_prestador_sedes_id,cnt_prestador_sedes,id
cm_fe_rips_cargas,gn_empresas_id,gn_empresas,id
cm_fe_rips_cargas,radicador_asignado,gn_usuarios,id
cm_fe_rips_facturas,cm_facturas_id,cm_facturas,id
cm_fe_rips_facturas,cm_fe_rips_cargas_id,cm_fe_rips_cargas,id
cm_fe_rips_validaciones_historicos,cm_fe_rips_validaciones_id,cm_fe_rips_validaciones,id
cm_fe_soportes,cm_facturas_id,cm_facturas,id
cm_fe_soportes,cm_fe_rips_cargas_id,cm_fe_rips_cargas,id
cm_fe_soportes,cm_rips_cargas_id,cm_rips_cargas,id
cm_fe_soportes,gn_empresas_id,gn_empresas,id
cm_fe_transacciones,cm_fe_rips_cargas_id,cm_fe_rips_cargas,id
cm_gestion_usuarios,cm_detalles_id,cm_detalles,id
cm_glosa_masiva,cnt_prestadores_id,cnt_prestadores,id
cm_glosa_respuesta_detalles,cm_detalles_id,cm_detalles,id
cm_glosa_respuesta_detalles,cm_glosa_respuestas_id,cm_glosa_respuestas,id
cm_glosa_respuestas,cm_glosa_masiva_id,cm_glosa_masiva,id
cm_glosa_respuestas,cm_conciliaciones_id,cm_conciliaciones,id
cm_glosa_respuestas,cm_facturas_id,cm_facturas,id
cm_grupo_historicos,cm_grupos_id,cm_grupos,id
cm_grupo_prestadores,cm_grupos_id,cm_grupos,id
cm_grupo_prestadores,cnt_prestadores_id,cnt_prestadores,id
cm_grupo_usuarios,cm_grupos_id,cm_grupos,id
cm_grupo_usuarios,gn_usuarios_id,gn_usuarios,id
cm_historico_facturas,cm_facturas_id,cm_facturas,id
cm_marcacion_ips_masiva,gn_empresas_id,gn_empresas,id
cm_pago_factura_retenciones,cm_pago_facturas_id,cm_pago_facturas,id
cm_pago_facturas,cm_facturas_id,cm_facturas,id
cm_pago_facturas,cm_pagos_id,cm_pagos,id
cm_pago_facturas,cm_pago_transacciones_id,cm_pago_transacciones,id
cm_pago_transacciones,cm_pagos_id,cm_pagos,id
cm_pagos,cnt_prestadores_id,cnt_prestadores,id
cm_radicados,cm_auditoria_cierres_id,cm_auditoria_cierres,id
cm_radicados,cm_auditoria_devoluciones_id,cm_auditoria_devoluciones,id
cm_radicados,cm_auditoria_masiva_id,cm_auditoria_masiva,id
cm_radicados,cm_conciliaciones_id,cm_conciliaciones,id
cm_radicados,cm_devolucion_masiva_id,cm_devolucion_masiva,id
cm_radicados,cm_fe_rips_cargas_id,cm_fe_rips_cargas,id
cm_radicados,cm_glosa_respuestas_id,cm_glosa_respuestas,id
cm_radicados,cm_glosa_respuestas_conciliacion_id,cm_glosa_respuestas,id
cm_radicados,cm_rips_cargas_id,cm_rips_cargas,id
cm_rips_ac_consultas,cm_rips_cargas_id,cm_rips_cargas,id
cm_rips_ad_servicios_agrupados,cm_rips_cargas_id,cm_rips_cargas,id
cm_rips_af_facturas,cm_rips_cargas_id,cm_rips_cargas,id
cm_rips_af_facturas_temp,cm_rips_cargas_id,cm_rips_cargas,id
cm_rips_ah_hospitalizaciones,cm_rips_cargas_id,cm_rips_cargas,id
cm_rips_am_medicamentos,cm_rips_cargas_id,cm_rips_cargas,id
cm_rips_an_recien_nacidos,cm_rips_cargas_id,cm_rips_cargas,id
cm_rips_ap_procedimientos,cm_rips_cargas_id,cm_rips_cargas,id
cm_rips_at_otros_servicios,cm_rips_cargas_id,cm_rips_cargas,id
cm_rips_au_urgencias,cm_rips_cargas_id,cm_rips_cargas,id
cm_rips_carga_ac_consultas,cm_rips_cargas_id,cm_rips_cargas,id
cm_rips_carga_ad_servicios_agrupados,cm_rips_cargas_id,cm_rips_cargas,id
cm_rips_carga_af_facturas,cm_rips_cargas_id,cm_rips_cargas,id
cm_rips_carga_ah_hospitalizaciones,cm_rips_cargas_id,cm_rips_cargas,id
cm_rips_carga_am_medicamentos,cm_rips_cargas_id,cm_rips_cargas,id
cm_rips_carga_an_recien_nacidos,cm_rips_cargas_id,cm_rips_cargas,id
cm_rips_carga_anexos,cm_rips_cargas_id,cm_rips_cargas,id
cm_rips_carga_ap_procedimientos,cm_rips_cargas_id,cm_rips_cargas,id
cm_rips_carga_at_otros_servicios,cm_rips_cargas_id,cm_rips_cargas,id
cm_rips_carga_au_urgencias,cm_rips_cargas_id,cm_rips_cargas,id
cm_rips_carga_ct_control,cm_rips_cargas_id,cm_rips_cargas,id
cm_rips_carga_estados,cm_rips_cargas_id,cm_rips_cargas,id
cm_rips_carga_us_usuarios,cm_rips_cargas_id,cm_rips_cargas,id
cm_rips_cargas,cnt_contratos_id,cnt_contratos,id
cm_rips_cargas,gn_prestador_sedes_id,cnt_prestador_sedes,id
cm_rips_cargas,gn_empresas_id,gn_empresas,id
cm_rips_ct_control,cm_rips_cargas_id,cm_rips_cargas,id
cm_rips_estructura_errores,cm_rips_cargas_id,cm_rips_cargas,id
cm_rips_regla_entradas,cm_rips_reglas_id,cm_rips_reglas,id
cm_rips_regla_salidas,cm_rips_reglas_id,cm_rips_reglas,id
cm_rips_sucesos,cm_rips_cargas_id,cm_rips_cargas,id
cm_rips_us_usuarios,cm_rips_cargas_id,cm_rips_cargas,id
cm_sincronizacion_detalles,cm_sincronizacion_encabezados_id,cm_sincronizacion_encabezados,id
cm_sincronizacion_encabezados,cm_radicados_id,cm_radicados,id
cm_sincronizacion_paquetes,cm_sincronizaciones_id,cm_sincronizaciones,id
cm_sincronizaciones,cm_glosa_respuestas_id,cm_glosa_respuestas,id
cm_sincronizaciones,cm_auditoria_cierres_id,cm_auditoria_cierres,id
cm_sincronizaciones,cm_conciliaciones_id,cm_conciliaciones,id
cm_sincronizaciones,cm_radicados_id,cm_radicados,id
cnt_contrato_adjuntos,cnt_contratos_id,cnt_contratos,id
cnt_contrato_carga_sucesos,cnt_contrato_cargas_id,cnt_contrato_cargas,id
cnt_contrato_coberturas,cnt_contratos_id,cnt_contratos,id
cnt_contrato_coberturas,cnt_contrato_sedes_id,cnt_contrato_sedes,id
cnt_contrato_coberturas,cnt_prestador_sedes_id,cnt_prestador_sedes,id
cnt_contrato_coberturas,gn_ubicaciones_id,gn_ubicaciones,id
cnt_contrato_descuentos,cnt_contratos_id,cnt_contratos,id
cnt_contrato_detalles,cnt_contrato_sedes_id,cnt_contrato_sedes,id
cnt_contrato_detalles,cnt_prestador_sedes_interdependencia_id,cnt_prestador_sedes,id
cnt_contrato_detalles,cnt_contratos_id,cnt_contratos,id
cnt_contrato_giros_capita,cnt_contratos_id,cnt_contratos,id
cnt_contrato_historico_prestaciones,aseg_afiliados_id,aseg_afiliados,id
cnt_contrato_historico_prestaciones,au_anexos4_id,au_anexos4,id
cnt_contrato_historico_prestaciones,cm_detalles_id,cm_detalles,id
cnt_contrato_historico_prestaciones,cnt_contratos_id,cnt_contratos,id
cnt_contrato_historico_prestaciones,cnt_contrato_sedes_id,cnt_contrato_sedes,id
cnt_contrato_historico_prestaciones,cnt_prestadores_id,cnt_prestadores,id
cnt_contrato_historico_prestaciones,cnt_prestador_sedes_id,cnt_prestador_sedes,id
cnt_contrato_historico_validaciones,cnt_contrato_detalles_id,cnt_contrato_detalles,id
cnt_contrato_historico_validaciones,cnt_contratos_id,cnt_contratos,id
cnt_contrato_historico_validaciones,cnt_contrato_sedes_id,cnt_contrato_sedes,id
cnt_contrato_historico_validaciones,cnt_prestadores_id,cnt_prestadores,id
cnt_contrato_historico_validaciones,cnt_prestador_sedes_id,cnt_prestador_sedes,id
cnt_contrato_historicos,cnt_contratos_id,cnt_contratos,id
cnt_contrato_historicos,cnt_contrato_detalles_id,cnt_contrato_detalles,id
cnt_contrato_historicos,cnt_contrato_sedes_id,cnt_contrato_sedes,id
cnt_contrato_juridicos,cnt_contratos_id,cnt_contratos,id
cnt_contrato_notas_tecnicas,cnt_contratos_id,cnt_contratos,id
cnt_contrato_sedes,cnt_contratos_id,cnt_contratos,id
cnt_contrato_sedes,cnt_prestador_sedes_id,cnt_prestador_sedes,id
cnt_contratos,cnt_prestadores_id,cnt_prestadores,id
cnt_contratos,gn_empresas_id,gn_empresas,id
cnt_prestador_contactos,cnt_prestadores_id,cnt_prestadores,id
cnt_prestador_contactos,cnt_prestador_sedes_id,cnt_prestador_sedes,id
cnt_prestador_sede_capacidades,cnt_prestador_sedes_id,cnt_prestador_sedes,id
cnt_prestador_sede_servicios_habilitacion,cnt_prestador_sedes_id,cnt_prestador_sedes,id
cnt_prestador_sede_servicios_habilitacion,ma_servicios_habilitacion_id,ma_servicios_habilitacion,id
cnt_prestador_sedes,cnt_prestadores_id,cnt_prestadores,id
cnt_prestador_union_temporal,cnt_prestadores_id,cnt_prestadores,id
cnt_prestador_union_temporal,cnt_prestador_union_temporal_id,cnt_prestadores,id
cnt_profesional_prestadores,cnt_prestadores_id,cnt_prestadores,id
cnt_profesional_prestadores,cnt_profesionales_id,cnt_profesionales,id
cntj_campos,cntj_procesos_id,cntj_procesos,id
cntj_comite_asistentes,cntj_comites_id,cntj_comites,id
cntj_comite_asistentes,gn_usuarios_id,gn_usuarios,id
cntj_contrato_garantias,cntj_contratos_id,cntj_contratos,id
cntj_contrato_historicos,cntj_contratos_id,cntj_contratos,id
cntj_contrato_indicadores,cntj_contratos_id,cntj_contratos,id
cntj_contrato_informe_adjuntos,cntj_contrato_informes_id,cntj_contrato_informes,id
cntj_contrato_informes,cntj_contratos_id,cntj_contratos,id
cntj_contrato_informes,cntj_contrato_supervisores_id,cntj_contrato_supervisores,id
cntj_contrato_obligaciones,cntj_contratos_id,cntj_contratos,id
cntj_contrato_seguimientos,cntj_contratos_id,cntj_contratos,id
cntj_contrato_seguimientos,cntj_terceros_id,cntj_terceros,id
cntj_contrato_siifa,cntj_contratos_id,cntj_contratos,id
cntj_contrato_siifa_agrupadores,cntj_contrato_siifa_id,cntj_contrato_siifa,id
cntj_contrato_siifa_modalidades,cntj_contrato_siifa_id,cntj_contrato_siifa,id
cntj_contrato_siifa_poblacion,cntj_contrato_siifa_id,cntj_contrato_siifa,id
cntj_contrato_siifa_regimenes,cntj_contrato_siifa_id,cntj_contrato_siifa,id
cntj_contrato_supervisores,cntj_contratos_id,cntj_contratos,id
cntj_contrato_supervisores,cntj_terceros_id,cntj_terceros,id
cntj_contratos,cntj_expedientes_id,cntj_expedientes,id
cntj_contratos,cntj_terceros_id,cntj_terceros,id
cntj_documentos,cntj_contratos_id,cntj_contratos,id
cntj_documentos,cntj_expedientes_id,cntj_expedientes,id
cntj_documentos,cntj_plantillas_id,cntj_plantillas,id
cntj_estado_ejecuciones,gn_usuarios_id,gn_usuarios,id
cntj_estado_ejecuciones,cntj_lineas_id,cntj_lineas,id
cntj_estado_ejecuciones,cntj_documentos_id,cntj_documentos,id
cntj_estado_ejecuciones,cntj_estados_id,cntj_estados,id
cntj_estado_ejecuciones,cntj_expedientes_id,cntj_expedientes,id
cntj_estado_grupos,cntj_estados_id,cntj_estados,id
cntj_estado_grupos,cntj_grupos_id,cntj_grupos,id
cntj_estado_plantillas,cntj_estados_id,cntj_estados,id
cntj_estado_plantillas,cntj_plantillas_id,cntj_plantillas,id
cntj_estado_proceso_documentos,cntj_estados_id,cntj_estados,id
cntj_estado_proceso_documentos,cntj_proceso_documentos_id,cntj_proceso_documentos,id
cntj_estado_usuarios,cntj_estados_id,cntj_estados,id
cntj_estado_usuarios,gn_usuarios_id,gn_usuarios,id
cntj_estados,cntj_procesos_id,cntj_procesos,id
cntj_estados,cntj_transiciones_id,cntj_transiciones,id
cntj_expediente_auditorias,cntj_estado_ejecuciones_id,cntj_estado_ejecuciones,id
cntj_expediente_auditorias,cntj_expedientes_id,cntj_expedientes,id
cntj_expediente_responsables,cntj_expedientes_id,cntj_expedientes,id
cntj_expediente_responsables,gn_usuarios_id,gn_usuarios,id
cntj_expedientes,cntj_procesos_id,cntj_procesos,id
cntj_expedientes,cntj_estados_actual_id,cntj_estados,id
cntj_expedientes,cntj_expedientes_id,cntj_expedientes,id
cntj_expedientes,gn_usuarios_propietario_id,gn_usuarios,id
cntj_expedientes,gn_usuarios_responsable_id,gn_usuarios,id
cntj_linea_adjuntos,cntj_lineas_id,cntj_lineas,id
cntj_lineas,cntj_comites_id,cntj_comites,id
cntj_lineas,cntj_expedientes_id,cntj_expedientes,id
cntj_lineas,cntj_terceros_id,cntj_terceros,id
cntj_lineas,gn_usuarios_id,gn_usuarios,id
cntj_otrosi_adjuntos,cntj_otrosies_id,cntj_otrosies,id
cntj_otrosies,cntj_contratos_id,cntj_contratos,id
cntj_plantilla_campos,cntj_campo_id,cntj_campos,id
cntj_plantilla_campos,cntj_plantillas_id,cntj_plantillas,id
cntj_plantillas,cntj_proceso_documentos_id,cntj_proceso_documentos,id
cntj_proceso_documentos,cntj_procesos_id,cntj_procesos,id
cntj_tercero_contactos,cntj_terceros_id,cntj_terceros,id
cntj_tercero_union_temporal,cntj_terceros_id,cntj_terceros,id
cntj_terceros,cnt_prestadores_id,cnt_prestadores,id
cntj_terceros,gn_ubicaciones_id,gn_ubicaciones,id
cntj_terceros,gn_usuarios_id,gn_usuarios,id
cntj_transiciones,cntj_estados_id,cntj_estados,id
cntj_usuario_grupos,cntj_grupos_id,cntj_grupos,id
cntj_usuario_grupos,gn_usuarios_id,gn_usuarios,id
cs_copago_moderadora_historicos,aseg_afiliados_id,aseg_afiliados,id
cs_copago_moderadora_historicos,au_anexos4_id,au_anexos4,id
cs_copago_moderadora_historicos,cm_facturas_id,cm_facturas,id
fe_documentos,fe_documentos_id,fe_documentos,id
fin_postulaciones,cnt_prestadores_id,cnt_prestadores,id
fin_postulaciones,fin_giros_id,fin_giros,id
fin_postulaciones,gn_empresas_id,gn_empresas,id
gat_atencion_comentarios,gat_atenciones_id,gat_atenciones,id
gat_atencion_historicos,gat_atenciones_id,gat_atenciones,id
gat_atenciones,gat_sede_funcionarios_id,gat_sede_funcionarios,id
gat_atenciones,gat_taquillas_id,gat_sede_taquillas,id
gat_atenciones,gat_tiquetes_id,gat_tiquetes,id
gat_atenciones,gat_usuarios_id,gat_usuarios,id
gat_atenciones,gn_sedes_id,gn_sedes,id
gat_atenciones,gn_usuarios_id,gn_usuarios,id
gat_pantallas,gn_sedes_id,gn_sedes,id
gat_sede_configuraciones,gn_sedes_id,gn_sedes,id
gat_sede_funcionarios,gn_sedes_id,gn_sedes,id
gat_sede_funcionarios,gn_usuarios_id,gn_usuarios,id
gat_sede_taquillas,gn_sedes_id,gn_sedes,id
gat_sede_taquillas,gn_usuarios_id,gn_usuarios,id
gat_taquilla_funcionarios,gat_sede_taquillas_id,gat_sede_taquillas,id
gat_taquilla_funcionarios,gn_usuarios_id,gn_usuarios,id
gat_taquilla_servicios,gat_sede_taquillas_id,gat_sede_taquillas,id
gat_tiempos,gat_atenciones_id,gat_atenciones,id
gat_tiempos,gn_usuarios_id,gn_usuarios,id
gat_tikete_llamados,gat_sede_taquillas_id,gat_sede_taquillas,id
gat_tikete_llamados,gat_tiquetes_id,gat_tiquetes,id
gat_tikete_llamados,gn_usuarios_id,gn_usuarios,id
gat_tiquetes,gat_usuarios_id,gat_usuarios,id
gat_tiquetes,gn_sedes_id,gn_sedes,id
gat_usuarios,aseg_afiliados_id,aseg_afiliados,id
gj_abogados,gn_usuarios_id,gn_usuarios,id
gj_proceso_abogados,gj_abogados_id,gj_abogados,id
gj_proceso_abogados,gj_procesos_id,gj_procesos,id
gj_proceso_adjuntos,gj_procesos_id,gj_procesos,id
gj_proceso_adjuntos,gj_proceso_historicos_id,gj_proceso_historicos,id
gj_proceso_garantias,gj_procesos_id,gj_procesos,id
gj_proceso_garantias,gj_proceso_historicos_id,gj_proceso_historicos,id
gj_proceso_historicos,gj_procesos_id,gj_procesos,id
gj_proceso_pretenciones,gj_procesos_id,gj_procesos,id
gj_proceso_terceros,gj_procesos_id,gj_procesos,id
gj_proceso_terceros,gj_terceros_id,gj_terceros,id
gj_procesos,gn_ubicaciones_proceso_id,gn_ubicaciones,id
gj_procesos,tu_juzgados_id,tu_juzgados,id
gj_tercero_contactos,gj_terceros_id,gj_terceros,id
gj_terceros,aseg_afiliados_id,aseg_afiliados,id
gj_terceros,cnt_prestadores_id,cnt_prestadores,id
gn_alertas,gn_usuarios_id,gn_usuarios,id
gn_divisiones,gn_ubicaciones_id,gn_ubicaciones,id
gn_empresas,cnt_prestadores_id,cnt_prestadores,id
gn_empresas,gn_ubicaciones_id,gn_ubicaciones,id
gn_maestro_accion_relaciones,gn_maestros_id,gn_maestros,id
gn_maestro_accion_relaciones,gn_maestro_acciones_id,gn_maestro_acciones,id
gn_maestro_acciones,maestros_tipo,gn_maestro_tipos,tipo
gn_maestro_relaciones,gn_maestros_id_padre,gn_maestros,id
gn_maestro_relaciones,gn_maestros_id_hijo,gn_maestros,id
gn_maestro_tipo_relaciones,gn_maestro_tipos_tipo_padre,gn_maestro_tipos,tipo
gn_maestro_tipo_relaciones,gn_maestro_tipos_tipo_hijo,gn_maestro_tipos,tipo
gn_maestro_tipos,gn_perfiles_id,gn_perfiles,id
gn_maestros,tipo,gn_maestro_tipos,tipo
gn_maestros,gn_validacion_campos_id,gn_validacion_campos,id
gn_modulo_manuales,gn_modulos_id,gn_modulos,id
gn_modulo_versiones,gn_modulos_id,gn_modulos,id
gn_modulos,gn_modulos_id,gn_modulos,id
gn_permisos,gn_modulos_id,gn_modulos,id
gn_permisos,gn_perfiles_id,gn_perfiles,id
gn_recurrencia_historicos,gn_recurrencias_id,gn_recurrencias,id
gn_roles_perfiles,gn_perfiles_id,gn_perfiles,id
gn_roles_perfiles,gn_roles_id,gn_roles,id
gn_roles_usuario,gn_roles_id,gn_roles,id
gn_roles_usuario,gn_usuarios_id,gn_usuarios,id
gn_sede_horarios,gn_sedes_id,gn_sedes,id
gn_sedes,gn_empresas_id,gn_empresas,id
gn_sedes,gn_ubicaciones_id,gn_ubicaciones,id
gn_ubicaciones,gn_ubicaciones_id,gn_ubicaciones,id
gn_ubicaciones,gn_zonas_horarias_id,gn_zonas_horarias,id
gn_usuario_firmas,gn_usuarios_id,gn_usuarios,id
gn_usuario_sesiones,gn_usuarios_id,gn_usuarios,id
gn_usuarios,au_grupos_id,au_grupos,id
gn_usuarios,gn_empresas_id,gn_empresas,id
gn_usuarios,gn_zonas_horarias_id,gn_zonas_horarias,id
gn_validacion_campos,gn_maestro_tipos_tipo,gn_maestro_tipos,tipo
gs_adjuntos,gs_solicitudes_id,gs_solicitudes,id
gs_afiliados,residencia_ubicaciones_id,gn_ubicaciones,id
gs_afiliados,atencion_ubicaciones_id,gn_ubicaciones,id
gs_gestiones,gs_solicitudes_id,gs_solicitudes,id
gs_gestiones,gn_usuarios_id,gn_usuarios,id
gs_notificaciones,gs_solicitudes_id,gs_solicitudes,id
gs_solicitudes,gs_afiliados_id,gs_afiliados,id
gs_solicitudes,gs_mensajes_id,gs_mensajes,id
gs_solicitudes,gs_zonas_id,gs_zonas,id
gs_solicitudes,usuarios_id,gn_usuarios,id
gs_zona_usuarios,gs_zonas_id,gs_zonas,id
gs_zona_usuarios,gn_usuarios_id,gn_usuarios,id
gs_zonas,gn_ubicaciones_id,gn_ubicaciones,id
inf_grupo_usuarios,gn_usuarios_id,gn_usuarios,id
inf_grupo_usuarios,inf_grupos_id,inf_grupos,id
inf_informe_descargados,inf_informe_generados_id,inf_informe_generados,id
inf_informe_generados,inf_informes_id,inf_informes,id
inf_informe_valores,inf_generados_id,inf_informe_generados,id
inf_informe_valores,inf_informe_variables_id,inf_informe_variables,id
inf_informe_variables,inf_informes_id,inf_informes,id
inf_informes,inf_grupos_id,inf_grupos,id
ma_detalle_cargas,ma_cargas_id,ma_cargas,id
ma_diagnostico_medicamentos,ma_diagniosticos_id,ma_diagnosticos,id
ma_diagnostico_medicamentos,ma_medicamentos_id,ma_medicamentos,id
ma_insumos_mipres,insumos_mipres_id,mp_codigo_insumos,id
ma_insumos_mipres,ma_insumos_id,ma_insumos,id
ma_medicamento_administraciones,ma_medicamentos_id,ma_medicamentos,id
ma_medicamento_condicionados,ma_diagnosticos_id,ma_diagnosticos,id
ma_medicamento_condicionados,ma_medicamentos_id,ma_medicamentos,id
ma_medicamentos,ma_agrupadores_medicamento_id,ma_agrupadores_medicamento,id
ma_medicamentos_historicos,ma_medicamentos_id,ma_medicamentos,id
ma_medicamentos_historicos,ma_agrupadores_medicamento_id,ma_agrupadores_medicamento,id
ma_paquete_tecnologias,ma_insumos_ips_id,ma_insumos_ips,id
ma_paquete_tecnologias,ma_medicamentos_id,ma_medicamentos,id
ma_paquete_tecnologias,ma_paquetes_id,ma_paquetes,id
ma_paquete_tecnologias,ma_tecnologias_id,ma_tecnologias,id
ma_paquetes,ma_insumos_id,ma_insumos,id
ma_paquetes,ma_medicamentos_id,ma_medicamentos,id
ma_paquetes,ma_tecnologias_id,ma_tecnologias,id
ma_paquetes_mipres,ma_paquetes_id,ma_paquetes,id
ma_paquetes_mipres,mp_codigo_insumos_id,mp_codigo_insumos,id
ma_relaciones,ma_relacion_tipos_id,ma_relacion_tipos,id
ma_soat_tarifario_valores,ma_soat_tarifarios_id,ma_soat_tarifarios,id
ma_tecnologia_cups,ma_tecnologias_id,ma_tecnologias,id
ma_tecnologia_grupos,ma_tecnologias_id,ma_tecnologias,id
ma_tecnologia_servicios_habilitacion,ma_servicios_habilitacion_id,ma_servicios_habilitacion,id
ma_tecnologia_servicios_habilitacion,ma_tecnologias_id,ma_tecnologias,id
ma_tecnologias,ma_iss2000_tarifarios_id,ma_iss2000_tarifarios,id
ma_tecnologias,ma_iss2001_tarifarios_id,ma_iss2001_tarifarios,id
ma_tecnologias,ma_soat_tarifarios_id,ma_soat_tarifarios,id
ma_tecnologias_mipres,insumos_mipres_id,mp_codigo_insumos,id
ma_tecnologias_mipres,ma_tecnologias_id,ma_tecnologias,id
mp_afiliados,aseg_afiliados_id,aseg_afiliados,id
mp_consumo_fallos,mp_consumos_id,mp_consumos,id
mp_cotizaciones,au_cotizaciones_id,au_cotizaciones,id
mp_cotizaciones,mp_prescripciones_id,mp_prescripciones,id
mp_cotizaciones,mp_prescripcion_insumos_id,mp_prescripcion_insumos,id
mp_cotizaciones,mp_prescripcion_medicamentos_id,mp_prescripcion_medicamentos,id
mp_cotizaciones,mp_prescripcion_tecnologias_id,mp_prescripcion_tecnologias,id
mp_direccionamiento_entregados,mp_direccionamiento_id,mp_direccionamientos,id
mp_direccionamiento_entregados,mp_prescripcion_id,mp_prescripciones,id
mp_direccionamiento_entregados,mp_prescripicion_insumos_id,mp_prescripcion_insumos,id
mp_direccionamiento_entregados,mp_prescripicion_medicamentos_id,mp_prescripcion_medicamentos,id
mp_direccionamiento_entregados,mp_prescripicion_tecnologias_id,mp_prescripcion_tecnologias,id
mp_direccionamientos,mp_prescripciones_id,mp_prescripciones,id
mp_direccionamientos,mp_prescripcion_insumos_id,mp_prescripcion_insumos,id
mp_direccionamientos,mp_prescripcion_medicamentos_id,mp_prescripcion_medicamentos,id
mp_direccionamientos,mp_prescripcion_tecnologias_id,mp_prescripcion_tecnologias,id
mp_direccionamientos_programadas,mp_direccionamientos_id,mp_direccionamientos,id
mp_entrega_facturas,mp_direccionamiento_entregados_id,mp_direccionamiento_entregados,id
mp_entrega_facturas,mp_entrega_suministros_id,mp_entrega_suministros,id
mp_entrega_suministros,mp_direccionamiento_entregados_id,mp_direccionamiento_entregados,id
mp_medicamento_indicaciones_unirs,mp_codigo_unirs_id,mp_codigo_unirs,id
mp_medicamento_indicaciones_unirs,mp_prescripcion_medicamentos_id,mp_prescripcion_medicamentos,id
mp_medicamento_principios_activos,mp_prescripcion_medicamentos_id,mp_prescripcion_medicamentos,id
mp_medicamento_principios_activos,mp_prescripcion_medicamentos_id,mp_prescripcion_medicamentos,id
mp_no_direccionados,mp_prescripciones_id,mp_prescripciones,id
mp_no_direccionados,mp_prescripcion_insumos_id,mp_prescripcion_insumos,id
mp_no_direccionados,mp_prescripcion_medicamentos_id,mp_prescripcion_medicamentos,id
mp_no_direccionados,mp_prescripcion_tecnologias_id,mp_prescripcion_tecnologias,id
mp_notificaciones_historicos,mp_prescripcion_id,mp_prescripciones,id
mp_notificaciones_historicos,mp_prescripcion_insumo_id,mp_prescripcion_insumos,id
mp_notificaciones_historicos,mp_prescripcion_medicamento_id,mp_prescripcion_medicamentos,id
mp_notificaciones_historicos,mp_prescripcion_tecnologia_id,mp_prescripcion_tecnologias,id
mp_prescripcion_anulada,mp_prescripciones_id,mp_prescripciones,id
mp_prescripcion_historicos,mp_prescripciones_id,mp_prescripciones,id
mp_prescripcion_insumos,mp_prescripcion_id,mp_prescripciones,id
mp_prescripcion_item_auditoria,mp_prescripcion_medicamento_id,mp_prescripcion_medicamentos,id
mp_prescripcion_item_auditoria,mp_prescripcion_id,mp_prescripciones,id
mp_prescripcion_item_auditoria,mp_prescripcion_insumo_id,mp_prescripcion_insumos,id
mp_prescripcion_item_auditoria,mp_prescripcion_tecnologia_id,mp_prescripcion_tecnologias,id
mp_prescripcion_medicamentos,mp_prescripciones_id,mp_prescripciones,id
mp_prescripcion_programadas,mp_prescripciones_id,mp_prescripciones,id
mp_prescripcion_programadas,mp_prescripcion_insumos_id,mp_prescripcion_insumos,id
mp_prescripcion_programadas,mp_prescripcion_medicamentos_id,mp_prescripcion_medicamentos,id
mp_prescripcion_programadas,mp_prescripcion_tecnologias_id,mp_prescripcion_tecnologias,id
mp_prescripcion_recobrantes,mp_prescripciones_id,mp_prescripciones,id
mp_prescripcion_tecnologias,mp_prescripcion_id,mp_prescripciones,id
mp_prescripciones,aseg_afiliados_id,aseg_afiliados,id
mp_prescripciones,cnt_profesionales_id,cnt_profesionales,id
mp_prescripciones,mp_afiliados_id,mp_afiliados,id
mp_prestadores,cnt_prestadores_id,cnt_prestadores,id
mp_programada_entregas,mp_prescripciones_id,mp_prescripciones,id
mp_programada_entregas,mp_prescripcion_programadas_id,mp_prescripcion_programadas,id
mp_programada_entregas,mp_prescripcion_insumos_id,mp_prescripcion_insumos,id
mp_programada_entregas,mp_prescripcion_medicamentos_id,mp_prescripcion_medicamentos,id
mp_programada_entregas,mp_prescripcion_tecnologias_id,mp_prescripcion_tecnologias,id
mp_recobrante_adjuntos,mp_recobrantes_id,mp_recobrantes,id
mp_recobrantes,aseg_afiliado_id,aseg_afiliados,id
mp_recobrantes_historicos,mp_recobrantes_id,mp_recobrantes,id
mp_recobros_adres,aseg_afiliados_id,aseg_afiliados,id
mp_recobros_adres,mp_prescripciones_id,mp_prescripciones,id
mpc_prescripcion_adjuntos,mpc_prescripciones_id,mpc_prescripciones,id
mpc_prescripciones,aseg_afiliados_id,aseg_afiliados,id
mpc_prescripciones,cnt_prescriptor_prestador_sedes_id,cnt_prestador_sedes,id
mpc_prescripciones,cnt_direccionado_prestador_sedes_id,cnt_prestador_sedes,id
mpc_prescripciones,gn_empresas_id,gn_empresas,id
mpc_prescripciones_historicos,aseg_afiliados_id,aseg_afiliados,id
mpc_prescripciones_historicos,cnt_direccionado_prestador_sedes_id,cnt_prestador_sedes,id
mpc_prescripciones_historicos,cnt_prescriptor_prestador_sedes_id,cnt_prestador_sedes,id
mpc_prescripciones_historicos,gn_empresas_id,gn_empresas,id
mpc_programacion_entregas,gn_empresas_id,gn_empresas,id
mpc_programacion_entregas,mpc_prescripciones_id,mpc_prescripciones,id
no_obligacion_legal_detalles,no_obligaciones_legales_id,no_obligaciones_legales,id
pe_adjuntos,pe_afiliados_id,pe_afiliados_programas,id
pe_adjuntos,pe_gestiones_id,pe_gestiones,id
pe_afiliado_diagnosticos,pe_afiliados_programas_id,pe_afiliados_programas,id
pe_afiliados_programas,pe_programas_id,pe_programas,id
pe_afiliados_programas,aseg_afiliados_id,aseg_afiliados,id
pe_afiliados_programas,auc_hospitalizaciones_id,auc_hospitalizaciones,id
pe_afiliados_programas,cnt_prestador_sedes_id,cnt_prestador_sedes,id
pe_afiliados_programas,gn_usuarios_id,gn_usuarios,id
pe_afiliados_programas,pe_afiliados_sugeridos_id,pe_afiliados_sugeridos,id
pe_afiliados_sugeridos,aseg_afiliados_id,aseg_afiliados,id
pe_afiliados_sugeridos,auc_hospitalizaciones_id,auc_hospitalizaciones,id
pe_afiliados_sugeridos,au_anexos3_id,au_anexos3,id
pe_afiliados_sugeridos,mp_prescripciones_id,mp_prescripciones,id
pe_afiliados_sugeridos,pe_programas_id,pe_programas,id
pe_afiliados_sugeridos,ref_anexos9_id,ref_anexos9,id
pe_carga_historicos,cnt_prestador_sedes_id,cnt_prestador_sedes,id
pe_carga_historicos,pe_afiliados_programas_id,pe_afiliados_programas,id
pe_carga_historicos,pe_cargas_id,pe_cargas,id
pe_cargas,gn_empresas_id,gn_empresas,id
pe_cargas,pe_programas_id,pe_programas,id
pe_cargas_gestiones,gn_usuarios_id,gn_usuarios,id
pe_cargas_variables,cnt_prestador_sedes_id,cnt_prestador_sedes,id
pe_cargas_variables,gn_empresas_id,gn_empresas,id
pe_cargas_variables,pe_programas_id,pe_programas,id
pe_cierre_cargas,pe_programas_id,pe_programas,id
pe_direccionado_gestiones,pe_direccionados_id,pe_direccionados,id
pe_direccionado_items,au_anexo3_items_id,au_anexo3_items,id
pe_direccionado_items,pe_direccionados_id,pe_direccionados,id
pe_direccionados,aseg_afiliados_id,aseg_afiliados,id
pe_direccionados,au_anexos3_id,au_anexos3,id
pe_direccionados,cnt_prestadores_id,cnt_prestadores,id
pe_direccionados,cnt_prestador_sedes_id,cnt_prestador_sedes,id
pe_direccionados,pe_programas_id,pe_programas,id
pe_direccionados,gn_empresas_id,gn_empresas,id
pe_gestiones,gn_usuarios_id,gn_usuarios,id
pe_gestiones,pe_afiliados_programas_id,pe_afiliados_programas,id
pe_gestiones_historico,pe_gestiones_id,pe_gestiones,id
pe_ips_programas,cnt_prestador_sedes_id,cnt_prestador_sedes,id
pe_ips_programas,pe_programas_id,pe_programas,id
pe_programa_diagnosticos,pe_programas_id,pe_programas,id
pe_programa_tecnologias,pe_programas_id,pe_programas,id
pe_programas,gn_usuarios_id,gn_usuarios,id
pe_programas_traslados,aseg_afiliados_id,aseg_afiliados,id
pe_programas_traslados,pe_afiliados_programas_id,pe_afiliados_programas,id
pe_programas_traslados,pe_programa_id_destino,pe_programas,id
pe_programas_traslados,pe_programa_id_origen,pe_programas,id
pe_sugerido_adjuntos,pe_afiliados_sugeridos_id,pe_afiliados_sugeridos,id
pe_telefonos,aseg_afiliados_id,aseg_afiliados,id
pe_usuarios_programas,pe_programas_id,pe_programas,id
pe_usuarios_programas,gn_usuarios_id,gn_usuarios,id
pe_variables,pe_programas_id,pe_programas,id
pe_variables_valores,pe_afiliados_programas_id,pe_afiliados_programas,id
pe_variables_valores,pe_variables_id,pe_variables,id
pe_variables_valores,pe_cargas_variables_id,pe_cargas_variables,id
pe_variables_valores_historicos,pe_afiliados_programas_id,pe_afiliados_programas,id
pe_variables_valores_historicos,pe_programas_id,pe_programas,id
pe_variables_valores_historicos,pe_variables_id,pe_variables,id
pe_variables_valores_historicos,pe_variables_valores_id,pe_variables_valores,id
pe_variables_valores_historicos,pe_cargas_variables_id,pe_cargas_variables,id
rco_acta_asistentes,rco_actas_id,rco_actas,id
rco_actas,rco_conciliaciones_id,rco_conciliaciones,id
rco_conciliacion_adjuntos,rco_conciliaciones_id,rco_conciliaciones,id
rco_conciliacion_gestiones,rco_conciliaciones_id,rco_conciliaciones,id
rco_conciliacion_gestiones,rco_factura_detalles_id,rco_factura_detalles,id
rco_conciliaciones,cnt_presadores_sedes_id,cnt_prestador_sedes,id
rco_factura_detalles,cm_detalle_id,cm_detalles,id
rco_factura_detalles,pe_programa_id,pe_programas,id
rco_factura_detalles,rco_facturas_id,rco_facturas,id
rco_factura_detalles,rco_grupos_id,rco_grupos,id
rco_factura_detalles,rco_conciliacion_id,rco_conciliaciones,id
rco_factura_detalles,cnt_prestadores_sedes_id,cnt_prestador_sedes,id
rco_factura_detalles,gn_usuario_responsable_id,gn_usuarios,id
rco_facturas,cm_facturas_id,cm_facturas,id
rco_facturas,cnt_prestadores_id,cnt_prestadores,id
rco_grupo_prestadores,cnt_prestador_id,cnt_prestadores,id
rco_grupo_prestadores,rco_grupo_id,rco_grupos,id
rco_grupo_programas,pe_programa_id,pe_programas,id
rco_grupo_programas,rco_grupo_id,rco_grupos,id
rco_grupo_usuarios,gn_usuarios_id,gn_usuarios,id
rco_grupo_usuarios,rco_grupos_id,rco_grupos,id
rco_grupos,pe_programas_id,pe_programas,id
ref_anexo9_adjuntos,ref_anexos9_id,ref_anexos9,id
ref_anexo9_datos_clinicos,ref_anexos9_id,ref_anexos9,id
ref_anexo9_diagnosticos,ref_anexos9_id,ref_anexos9,id
ref_anexo9_estados,ref_anexos9_id,ref_anexos9,id
ref_anexo9_gestiones,cnt_prestador_sedes_id,cnt_prestador_sedes,id
ref_anexo9_gestiones,ref_anexos9_id,ref_anexos9,id
ref_anexos9,aseg_afiliados_id,aseg_afiliados,id
ref_anexos9,cnt_ips_destino_id,cnt_prestador_sedes,id
ref_anexos9,cnt_prestador_sedes_id,cnt_prestador_sedes,id
ref_anexos9,cnt_prestador_sedes_ubicacion_id,cnt_prestador_sedes,id
ref_anexos9,cnt_profesionales_id,cnt_profesionales,id
ref_anexos9,gn_empresas_id,gn_empresas,id
ref_anexos9,gn_empresas_ubicacion_id,gn_ubicaciones,id
ref_transporte_insumos,ref_transportes_id,ref_transportes,id
ref_transporte_seguimientos,ref_transportes_id,ref_transportes,id
ref_transportes,ref_anexos9_id,ref_anexos9,id
ref_transportes,cnt_prestador_sedes_id,cnt_prestador_sedes,id
rt_proceso_ejecuciones,rt_procesos_id,rt_procesos,id
rt_proceso_ejecuciones,rt_reservas_id,rt_reservas,id
rt_reserva_archivo_procesos,rt_reserva_archivos_id,rt_reserva_archivos,id
rt_reserva_archivo_procesos,sp_procesos_id,rt_sp_procesos,id
rt_reserva_archivos,rt_reservas_id,rt_reservas,id
rt_sentencias,rt_procesos_id,rt_procesos,id
rt_sentencias_ejecuciones,rt_proceso_ejecuciones_id,rt_proceso_ejecuciones,id
rt_sentencias_ejecuciones,rt_sentencias_id,rt_sentencias,id
tu_adjuntos,tu_seguimientos_id,tu_seguimientos,id
tu_adjuntos,tu_tutela_estados_id,tu_tutela_estados,id
tu_adjuntos,tu_tutela_items_id,tu_tutela_items,id
tu_grupo_estados,tu_grupos_id,tu_grupos,id
tu_grupo_historicos,tu_grupos_id,tu_grupos,id
tu_grupo_usuarios,gn_usuarios_id,gn_usuarios,id
tu_grupo_usuarios,tu_grupos_id,tu_grupos,id
tu_juzgado_contactos,tu_juzgados_id,tu_juzgados,id
tu_juzgados,gn_ubicaciones_id,gn_ubicaciones,id
tu_memorial_firmas,tu_memorial_persona_id,tu_memorial_personas,id
tu_personas,ubicacion_afiliacion_id,gn_ubicaciones,id
tu_personas_contactos,tu_personas_id,tu_personas,id
tu_seguimientos,gestor_gn_usuario_id,gn_usuarios,id
tu_seguimientos,notificado_gn_usuario_id,gn_usuarios,id
tu_seguimientos,tu_tutela_estados_id,tu_tutela_estados,id
tu_tutela_diagnosticos,tu_tutelas_id,tu_tutelas,id
tu_tutela_diagnosticos,tu_tutela_items_id,tu_tutela_items,id
tu_tutela_estado_representantes,tu_representantes_id,tu_representantes,id
tu_tutela_estado_representantes,tu_tutela_estados_id,tu_tutela_estados,id
tu_tutela_estados,responsable_gn_usuario_id,gn_usuarios,id
tu_tutela_estados,gestor_gn_usuario_id,gn_usuarios,id
tu_tutela_estados,abogado_gn_usuario_id,gn_usuarios,id
tu_tutela_estados,medico_gn_usuario_id,gn_usuarios,id
tu_tutela_estados,tu_juzgados_id,tu_juzgados,id
tu_tutela_estados,tu_tutelas_id,tu_tutelas,id
tu_tutela_item_gestiones,tu_tutela_item_id,tu_tutela_items,id
tu_tutela_items,destino_cnt_prestador_sede_id,cnt_prestador_sedes,id
tu_tutela_items,prescripcion_cnt_prestador_sede_id,cnt_prestador_sedes,id
tu_tutela_items,gn_usuario_asignado_id,gn_usuarios,id
tu_tutela_items,tu_personas_id,tu_personas,id
tu_tutela_items,tu_tutela_estados_id,tu_tutela_estados,id
tu_tutela_items,tu_tutelas_id,tu_tutelas,id
tu_tutelas,gn_ubicacion_id,gn_ubicaciones,id
tu_tutelas,tu_personas_id,tu_personas,id
tu_tutelas,actual_tu_tutela_estados_id,tu_tutela_estados,id
ws_ant_transaccion_detalles,ant_anticipos_id,ant_anticipos,id
ws_cm_factura_detalles,ws_cm_facturas_id,ws_cm_facturas,id
ws_cm_facturas,cm_facturas_id,cm_facturas,id
ws_cm_facturas,cm_radicados_id,cm_radicados,id
ws_cm_transaccion_detalles,ws_cm_transacciones_id,ws_cm_transacciones,id
ws_cm_transacciones,cm_glosa_respuestas_id,cm_glosa_respuestas,id
ws_cm_transacciones,cm_auditoria_cierres_id,cm_auditoria_cierres,id
ws_cm_transacciones,cm_conciliaciones_id,cm_conciliaciones,id
ws_cm_transacciones,cm_radicados_id,cm_radicados,id
ws_conexiones_servicios,ws_conexiones_id,ws_conexiones,id
ws_conexiones_servicios,ws_servicios_id,ws_servicios,id
ws_tokens,ws_conexiones_id,ws_conexiones,id
ws_transacciones,ws_conexiones_id,ws_conexiones,id
ws_transacciones,ws_servicios_id,ws_servicios,id
